{"cameraMode":{"drawMode":0,"name":"Shaded","section":"Shading Mode"},"sceneLighting":true,"audioPlay":false,"sceneViewState":{"m_AlwaysRefresh":false,"showFog":true,"showSkybox":true,"showFlares":true,"showImageEffects":true,"showParticleSystems":true,"showVisualEffectGraphs":true,"m_FxEnabled":true},"in2DMode":false,"pivot":{"x":-359.3630065917969,"y":438.73663330078127,"z":207.9239044189453},"rotation":{"x":-0.0040578823536634449,"y":0.9124184846878052,"z":-0.4094439446926117,"w":-0.008818132802844048},"size":653.936767578125,"orthographic":false}