{"cameraMode":{"drawMode":0,"name":"Shaded","section":"Shading Mode"},"sceneLighting":true,"audioPlay":false,"sceneViewState":{"m_AlwaysRefresh":false,"showFog":true,"showSkybox":true,"showFlares":true,"showImageEffects":true,"showParticleSystems":true,"showVisualEffectGraphs":true,"m_FxEnabled":true},"in2DMode":false,"pivot":{"x":322.64337158203127,"y":121.77210998535156,"z":133.78985595703126},"rotation":{"x":0.0786132663488388,"y":0.3876284062862396,"z":0.03320048376917839,"w":-0.9178568720817566},"size":17.477794647216798,"orthographic":false}